id,name,address1,city,state
1,(512) Brewing Company,"407 Radam, F200",Austin,Texas
2,21st Amendment Brewery Cafe,563 Second Street,San Francisco,California
8,Abbey Wright Brewing/Valley Inn,204 Valley Street,Williamsport,Pennsylvania
9,Aberdeen Brewing,210 Aberdeen Dr.,Valparaiso,Indiana
10,Abita Brewing Company,PO Box 1510,Abita Springs,Louisiana
14,Aksarben Brewing (BOP),11337 Davenport St.,Omaha,Nebraska
16,Alameda Brewhouse,4765 NE Fremont,Portland,Oregon
17,Alaskan Brewing,5429 Shaune Drive,Juneau,Alaska
20,Ale Asylum,3698 Kinsman Blvd,Madison,Wisconsin
21,AleSmith Brewing,9368 Cabot Drive,San Diego,California
22,Ali`i Brewing,NA,Honolulu,Hawaii
23,Allagash Brewing,100 Industrial Way,Portland,Maine
25,Allentown Brew Works,814 W Hamilton St,Allentown,Pennsylvania
28,Alltech's Lexington Brewing Company,401 Cross Street,Lexington,Kentucky
29,Alpine Beer Company,2351 Alpine Boulevard,Alpine,California
32,America's Brewing,205 North Broadway,Aurora,Illinois
33,American River Brewing,NA,Auburn,California
34,Amerisports Brew Pub,8201 NE Birmingham Road,Kansas City,Missouri
35,Amherst Brewing Company,24 North Pleasant Street,Amherst,Massachusetts
36,"Amicas Pizza, Microbrews and More",136 East Second Street,Salida,Colorado
38,Anacortes Brewing,320 Commercial Avenue,Anacortes,Washington
39,Anchor Brewing,1705 Mariposa Street,San Francisco,California
41,Anderson Valley Brewing,17700 Boonville Rd,Boonville,California
42,Andrew's Brewing,NA,Lincolnville,Maine
43,Angelic Brewing,NA,Madison,Wisconsin
44,Anheuser-Busch,One Busch Place,Saint Louis,Missouri
45,Appalachian Brewing Company,50 N. Cameron St.,Harrisburg,Pennsylvania
46,Appleton Brewing,NA,Appleton,Wisconsin
47,Arcadia Brewing,103 West Michigan Avenue,Battle Creek,Michigan
51,Asheville Pizza and Brewing Co.,675 Merrimon Avenue,Asheville,North Carolina
54,Atlanta Brewing Company,2323 Defoor Hills Rd NW,Atlanta,Georgia
55,Atlantic Brewing Company,15 Knox Rd.,Bar Harbor,Maine
56,Atwater Block Brewing,237 Joseph Campau Street,Detroit,Michigan
57,August Schell Brewing,1860 Schell Road,New Ulm,Minnesota
59,Augusta Brewing,5221 Water Street,Augusta,Missouri
62,Avery Brewing Company,5763 Arapahoe Avenue,Boulder,Colorado
63,Back Road Brewery,310 Perry Street,LaPorte,Indiana
64,Backcountry Brewery,720 Main Street,Frisco,Colorado
65,Backwater Brewing,1429 West Service Drive,Winona,Minnesota
66,Bad Frog Brewery Company,NA,Rose City,Michigan
68,Ballast Point Brewing,5401 Linda Vista Road #406,San Diego,California
69,Baltimore-Washington Beer Works,P.O. Box 9829,Baltimore,Maryland
71,Bandana Brewery,NA,Mankato,Minnesota
72,Bar Harbor Brewing Company,8 Mt. Desert Street,Bar Harbor,Maine
73,Bard's Tale Beer Company,211 NW Ward Road,Lee's Summit,Missouri
75,Barley Brothers Brewery and Grill,1425 McCulloch Boulevard,Lake Havasu City,Arizona
76,Barley Creek Brewing,RR 1 Box 185,Tannersville,Pennsylvania
77,Barley Island Brewing,639 Conner Street,Noblesville,Indiana
78,Barley John's Brewpub,781 Old Highway 8 SW,New Brighton,Minnesota
79,Barley's #2 Smokehouse and Brewpub,1130 Dublin Road,Columbus,Ohio
80,Barley's Brewing #1,467 North High Street,Columbus,Ohio
81,Barley's Casino & Brewing Company,4500 East Sunset Road #30,Henderson,Nevada
82,Baron Brewing Company,1605 S 93rd Building E Unit L,Seattle,Washington
83,Barrel House Brewing Co.,544B W. Liberty St.,Cincinnati,Ohio
84,Basil T's Brew Pub and Italian Grill,1171 Hooper Avenue,Toms River,New Jersey
87,Bavarian Barbarian Brewing Company,429 W. 3rd St,Williamsport,Pennsylvania
89,Bayern Brewing,1507 Montana Street,Missoula,Montana
90,"BBC Brewing Co., LLC",636 East Main Street,Louisville,Kentucky
91,Beach Brewing,NA,Orlando,Florida
92,Beach Chalet Brewery,1000 Great Highway,San Francisco,California
94,Bear Republic Brewery,345 Healdsburg Avenue,Healdsburg,California
96,Beermann's Beerwerks BrewPub,NA,Lincoln,California
97,Belfast Bay Brewing Company,100 Searsport Avenue,Belfast,Maine
100,Bell's Brewery Inc.,8938 Krum Ave.,Galesburg,Michigan
101,Bellows Brew Crew,NA,Watertown,Wisconsin
102,Bent River Brewing,1413 Fifth Avenue,Moline,Illinois
106,Bethlehem Brew Works,569 Main St,Bethlehem,Pennsylvania
107,Bibiana Brewing,NA,Urbana,Illinois
112,Big Bang Brewery (Closed),650 Fifth Street #403,San Francisco,California
113,Big Boss Brewing Company,1249-A Wicker Drive,Raleigh,North Carolina
114,Big Buck Brewery,550 South Wisconsin Avenue,Gaylord,Michigan
115,Big Buck Brewery and Steakhouse #2,NA,Grand Rapids,Michigan
116,Big Dog's Brewing Company,4543 North Rancho Road,Las Vegas,Nevada
117,Big Hole Brewing,401 East Main Street,Belgrade,Montana
118,Big Horn Brewing @ The RAM 2,700 North Milwaukee Avenue,Wheeling,Illinois
122,Big Sky Brewing,5417 Trumpeter Way,Missoula,Montana
123,Big Time Brewing,4133 University Way NE,Seattle,Washington
124,Bill's Tavern & Brewhouse,188 North Hemlock,Cannon Beach,Oregon
130,Bison Brewing,2598 Telegraph Avenue,Berkeley,California
132,"BJ's Pizza, Grill, and Brewery - Jantzen Beach",12105 North Center Avenue,Portland,Oregon
133,BJ's Restaurant and Brewery,600 Brea Mall,Brea,California
135,Black Toad Brewing Company,Chicago IL 60612,Chicago,Illinois
136,Blacksburg Brewing Company,P.O. Box 315,Blacksburg,Virginia
137,Blackstone Restaurant & Brewery,1918 West End Avenue,Nashville,Tennessee
138,Blicks Brewing,NA,Colorado Springs,Colorado
139,Blitz-Weinhard Brewing,Portland OR 97209,Portland,Oregon
140,Bloomington Brewing Company,"1795 E 10th St,",Bloomington,Indiana
141,BluCreek Brewing Company,2605 South Stoughton Road,Madison,Wisconsin
142,Blue Cat Brew Pub,113 18th Street,Rock Island,Illinois
143,Blue Corn Caf and Brewery - Albuquerque,NA,Albuquerque,New Mexico
144,Blue Point Brewing,161 River Avenue,Patchogue,New York
145,Blue Ridge Brewing,217 North Main Street,Greenville,South Carolina
146,"Bluegrass Brewing Company, Inc.",3929 Shelbyville Rd.,Louisville,Kentucky
147,Bobcat Cafe & Brewery,4 Main Street,Bristol,Vermont
149,Boiler Room Brewpub,2100 Casino Drive,Laughlin,Nevada
150,Bonaventure Brewing Co,404 South Figueroa Street #418,Los Angeles,California
151,Bonfire Brewery,NA,Northville,Michigan
153,Bootleggers Steakhouse and Brewery,NA,Bakersfield,California
155,Boscos Memphis Brewing,NA,Germantown,Tennessee
157,Boston Beer Company,30 Germania Street,Boston,Massachusetts
158,Boston Beer Works,61 Brookline Avenue,Boston,Massachusetts
159,Bottom's Up Brewing,402 West Pine Street,Pinedale,Wyoming
160,Boulder Beer Company,2880 Wilderness Place,Boulder,Colorado
161,Boulevard Brewing Company,2501 Southwest Boulevard,Kansas City,Missouri
162,Boundary Bay Brewery and Bistro,1107 Railroad Avenue,Bellingham,Washington
227,Brauhaus Brew Hall,111 Main Street,Lucan,Minnesota
235,Breckenridge BBQ of Omaha,NA,Omaha,Nebraska
236,Breckenridge Brewery,471 Kalamath Street,Denver,Colorado
239,Brew Kettle Taproom & Smokehouse BOP,8377 Pearl Road,Strongsville,Ohio
240,Brew Makers,NA,Mountain View,California
242,Brewer's Art,1106 N. Charles St.,Baltimore,Maryland
243,Brewery at Martha's Vineyard,NA,Oak Bluffs,Massachusetts
247,Brewery Creek Brewing,23 Commerce Street,Mineral Point,Wisconsin
249,Brewery Ommegang,656 County Highway 33,Cooperstown,New York
250,Brewmasters Restaurant and Brewery South,NA,Kenosha,Wisconsin
251,Brewpub-on-the-Green,NA,Fremont,California
254,Bricktown Brewery,299 Main Street,Dubuque,Iowa
255,BridgePort Brewing,1313 NW Marshall Street,Portland,Oregon
256,Brimstone Brewing,4607 Wedgewood Boulevard,Frederick,Maryland
257,Bristol Brewing,1647 South Tejon Street,Colorado Springs,Colorado
258,Broad Ripple Brewing,842 East 65th Street,Indianapolis,Indiana
259,Brooklyn Brewery,79 North Eleventh Street,Brooklyn,New York
1421,DC Brau,3178-B Bladensburg Rd. NE,Washington,DC
310,Brown Street Brewery,16 North Brown Street,Rhinelander,Wisconsin
311,Brownings,401 East Main St.,Louisville,Kentucky
313,BT McClintic Beer Company,NA,Beloit,Wisconsin
314,Bube's Brewery,102 North Market Street,Mount Joy,Pennsylvania
317,Bull & Bush Pub & Brewery,4700 Cherry Creek Drive South,Denver,Colorado
318,Bulldog Brewing,NA,Fresno,California
319,Bullfrog Brewery,231 W. Fourth Street,Williamsport,Pennsylvania
323,Butte Creek Brewing,945 West Second Street,Chico,California
324,Butterfield Brewing #1,NA,Fresno,California
325,Buzzards Bay Brewing Inc.,98 Horseneck Rd,Westport,Massachusetts
326,C.B. & Potts of Cheyenne,1650 Dell Range Boulevard,Cheyenne,Wyoming
327,C.H. Evans Brewing Company,19 Quackenbush Square,Albany,New York
328,Caldera Brewing,540 Clover Lane,Ashland,Oregon
330,Calhoun's Microbrewery,6515 Kingston Pike,Knoxville,Tennessee
331,California Cider Company,NA,San Rafael,California
332,Callahan's Pub and Brewery,8280-A Mira Mesa Boulevard,San Diego,California
333,Cambridge Brewing,1 Kendall Square #100,Cambridge,Massachusetts
337,Cape Ann Brewing,27 Commercial Street,Gloucester,Massachusetts
338,Capital Brewery,7734 Terrace Avenue,Middleton,Wisconsin
339,Capital City Brewing Company,"1100 New York Ave, NW",Washington,District of Columbia
340,Capitol City Brewing #4,2700 South Quincy Street,Arlington,Virginia
341,Captain Lawrence Brewing Company,99 Castleton Street,Pleasantville,New York
347,Carlyle Brewing,215 East State Street,Rockford,Illinois
348,Carmel Brewing,NA,Salinas,California
349,Carolina Beer Company,110 Barley Park Lane,Mooresville,North Carolina
350,Carolina Brewery,460 West Franklin Street,Chapel Hill,North Carolina
351,Carver Brewing Co.,1022 Main Ave.,Durango,Colorado
352,Castle Springs Brewery,NA,Moultonborough,New Hampshire
353,Cat's Paw Home Brew,NA,NA,New Mexico
354,Catamount Brewing,NA,White River Junction,Vermont
355,Cedar Brewing,NA,Cedar Rapids,Iowa
356,Celis Brewery,NA,Austin,Texas
358,Central Waters Brewing Company,351 Allen Street,Amherst,Wisconsin
371,Chama River Brewing,4939 Pan American Freeway NE,Albuquerque,New Mexico
373,Charlie and Jake's Brewery and BBQ,6300 North Wickham Road #137,Melbourne,Florida
374,Chelsea Brewing Company,"Chelsea Piers, Pier 59",New York,New York
375,Cherryland Brewing,NA,Sturgeon Bay,Wisconsin
376,Cheshire Cat Brewery,7803 Ralston Road,Arvada,Colorado
377,Chicago Brewing,2201 South Fort Apache Road,Las Vegas,Nevada
379,Cigar City Brewing,3924 West Spruce Street Suite A,Tampa,Florida
380,Circle V Brewing,NA,Indianapolis,Indiana
381,"City Brewing Company, LLC",925 South Third Street,La Crosse,Wisconsin
382,CJ's Brewery & Grill,NA,La Jolla,California
383,Cleveland ChopHouse and Brewery,824 West St.Clair Avenue,Cleveland,Ohio
384,Climax Brewing Copmany,112 Valley Road,Roselle Park,New Jersey
385,Clipper City Brewing Co.,4615-B Hollins Ferry Road,Baltimore,Maryland
387,Coach's Norman,102 West Main,Norman,Oklahoma
388,Coast Brewing,NA,Biloxi,Mississippi
389,Coast Range Brewing,7050 Monterey Street,Gilroy,California
390,Coastal Fog Brewing,NA,Concord,California
391,Coeur d'Alene Brewing Company,209 Lakeside Avenue,Coeur d'Alene,Idaho
392,Cold Spring Brewing,219 Red River Avenue North,Cold Spring,Minnesota
393,Columbia Bay Brewery Restaurant and Pub,NA,Lake Villa,Illinois
394,Commonwealth Brewing #1,NA,Boston,Massachusetts
396,Cooper's Cave Ale Company,2 Sagamore Street,Glens Falls,New York
398,Cooperstown Brewing Company,"River Street, P.O. Box 276",Milford,New York
399,Coors Brewing - Golden Brewery,311 Tenth Street,Golden,Colorado
400,Copper Dragon Brewing,NA,Carbondale,Illinois
401,Copper Eagle Brewing,NA,Grand Island,Nebraska
402,Copper Kettle Brewery,339 Fairground Rd,Millmont,Pennsylvania
403,Corner Pub,100 Main Street,Reedsburg,Wisconsin
404,Coronado Brewing Company,170 Orange Avenue,Coronado,California
405,Costal Extreme Brewing Company,307 Oliphant Lane,Middletown,Rhode Island
407,Court Avenue Brewing,309 Court Avenue,Des Moines,Iowa
408,Courthouse Pub,1001 South Eighth Street,Manitowoc,Wisconsin
409,Crabby Larry's Brewpub Steak & Crab House,237 West Butler Avenue,Chalfont,Pennsylvania
410,Crabtree Brewery,625 3rd St. #D,Greeley,Colorado
411,Craftsman Brewing,1260 Lincoln Avenue #100,Pasadena,California
412,Crane River Brewpub and Cafe,NA,Lincoln,Nebraska
413,Crescent City Brewhouse,527 Decatur Street,New Orleans,Louisiana
414,Crested Butte Brewery &  Pub,226 Elk Avenue,Crested Butte,Colorado
415,Cricket Hill,24 Kulick Road,Fairfield,New Jersey
416,Crooked River Brewing,NA,Cleveland,Ohio
417,Crooked Waters Brewing,NA,Peoria,Illinois
1420,Devil's Canyon,NA,Belmont,California
421,Cugino Brewing Company,1501 East Wilson,Batavia,Illinois
422,Cumberland Brewery,1576 Bardstown Rd,Louisville,Kentucky
423,D.L. Geary Brewing Company,38 Evergreen Drive,Portland,Maine
426,Dark Horse Brewing Co.,511 S. Kalamazoo Ave.,Marshall,Michigan
427,Day Brewing,NA,Marrero,Louisiana
434,Deep Creek Brewing,NA,McHenry,Maryland
435,DeGroen's Grill,NA,Baltimore,Maryland
436,Del Mar Stuft Pizza and Brewing,NA,San Diego,California
437,Delafield Brewhaus,3832 Hillside Drive,Delafield,Wisconsin
438,Dempsey's Restaurant & Brewery,50 East Washington Street,Petaluma,California
439,Denmark Brewing,NA,Denmark,Wisconsin
440,Denver ChopHouse and Brewery,1735 19th Street #100,Denver,Colorado
441,Deschutes Brewery,901 SW Simpson Avenue,Bend,Oregon
443,Devil Mountain Brewing,NA,Cincinnati,Ohio
444,Diamond Bear Brewing Co.,323-C Cross Street,Little Rock,Arkansas
445,Diamond Knot Brewery & Alehouse,621 Front Street,Mukilteo,Washington
446,Diamondback Brewery,NA,Cleveland,Ohio
447,Dick's Brewing,5945 Prather Road,Centralia,Washington
450,Dillon Dam Brewery,100 Little Dam Road,Dillon,Colorado
452,Dirt Cheap Cigarettes and Beer,895 Bolger Court,Fenton,Missouri
454,Dixie Brewing,2401 Tulane Avenue,New Orleans,Louisiana
455,Dixon's Downtown Grill,NA,Denver,Colorado
456,Dock Street Beer,701 S. 50th Street,West Philly,Pennsylvania
459,Dogfish Head Craft Brewery,6 Cannery Village Center,Milton,Delaware
461,Dostal Alley,1 Dostal Alley,Central City,Colorado
462,Double Mountain Brewery & Taproom,8 Fourth Street,Hood River,Oregon
463,Dragonmead Microbrewery,14600 East Eleven Mile Road,Warren,Michigan
464,Drake's Brewing,1933 Davis Street #177,San Leandro,California
466,Dry Gulch Brewing,NA,Albuquerque,New Mexico
468,Dubuque Brewing and Bottling,NA,Dubuque,Iowa
469,Duck-Rabbit Craft Brewery,4519 W. Pine Street,Farmville,North Carolina
470,DuClaw,901 S. Bond St.,Baltimore,Maryland
471,Dunedin Brewery,937 Douglas Ave,Dunedin,Florida
472,Duneland Brewhouse Pub and Restaurant,NA,Michigan City,Indiana
475,Eagle Brewing,625 Fourth Street,Mukilteo,Washington
476,East End Brewing Company,6923 Susquehanna St.,Pittsburgh,Pennsylvania
477,Eastern Shore Brewing,605 S. Talbot St.,St Michaels,Maryland
478,Eddie McStiff's Brewpub,57 South Main Street,Moab,Utah
481,Eel River Brewing,1777 Alamar Way,Fortuna,California
483,Egan Brewing,NA,De Pere,Wisconsin
485,EJ Phair Brewing Company and Alehouse,2151 Salvio Street,Concord,California
487,El Toro Brewing Company,17605 Monterey Road,Morgan Hill,California
490,Elk Creek Cafe and Aleworks,100 West Main Street PO Box 432,Millheim,Pennsylvania
491,Elk Grove Brewery & Restaurant,9085 Elk Grove Boulevard,Elk Grove,California
492,Ellersick Brewing Big E Ales,5030 208th ST SW Ste. A,Lynnwood,Washington
493,Ellicott Mills Brewing,8308 Main Street,Ellicott City,Maryland
494,Elliott Bay Brewery and Pub,4720 California Avenue SW,Seattle,Washington
495,Elm City Brewing Co,222 West St # 46,Keene,New Hampshire
496,Elysian Brewery & Public House,1221 East Pike Street,Seattle,Washington
497,Elysian Brewing - TangleTown,2106 North 55th Street,Seattle,Washington
499,Emery Pub,NA,Emeryville,California
500,Emmett's Tavern and Brewery,128 West Main Street,West Dundee,Illinois
501,Empyrean Brewing Company,729 Q Street,Lincoln,Nebraska
502,EndeHouse Brewery and Restaurant,NA,Reedsburg,Wisconsin
504,Engine House #9,611 North Pine,Tacoma,Washington
505,English Ales Brewery,223 Reindollar Avenue,Marina,California
507,Erie Brewing Company,1213 Veshecco Drive,Erie,Pennsylvania
508,Esser's Cross Plains Brewery,2109 Hickory Street,Cross Plains,Wisconsin
509,Estes Park Brewery,470 Prospect Village Dr.,Estes Park,Colorado
510,Etna Brewing,131 Callahan,Etna,California
512,F.X. Matt Brewing,811 Edward Street,Utica,New York
513,Far West Ireland Brewing,NA,Redmond,Washington
514,Fauerbach Brewing Company,1714 Camus Lane,Madison,Wisconsin
515,Faultline Brewing #1,1235 Oakmead Parkway,Sunnyvale,California
516,Faultline Brewing #2,NA,Walnut Creek,California
520,Fifty Fifty Brewing Co.,11197 Brockway Road,Truckee,California
521,Firehouse Brewery & Restaurant,NA,Red Oak,Iowa
522,Firehouse Brewing,610 Main Street,Rapid City,South Dakota
523,Firehouse Grill & Brewery,111 South Murphy Avenue,Sunnyvale,California
524,Firestone Walker Brewing Company,1400 Ramada Drive,Paso Robles,California
525,First Coast Brewing,NA,Wilmington,North Carolina
526,Fish Brewing Company & Fish Tail Brewpub,515 Jefferson Street SE,Olympia,Washington
527,"Fitger's Brewhouse, Brewery and Grill",600 East Superior Street,Duluth,Minnesota
528,Fitzpatrick's Brewing,NA,Iowa City,Iowa
529,Flagstaff Brewing,16 East Route 66,Flagstaff,Arizona
530,Flat Branch Pub & Brewing,115 S. Fifth St.,Columbia,Missouri
531,Flat Earth Brewing Company,2035 Benson Avenue,St. Paul,Minnesota
532,Flatlander's Restaurant & Brewery,200 Village Green,Lincolnshire,Illinois
535,Florida Beer Company,2500 S. Harbor City Blvd.,Melbourne,Florida
536,Flossmoor Station Brewery,1035 Sterling Avenue,Flossmoor,Illinois
537,Flour City Brewing,NA,Rochester,New York
538,Flyers Restraunt and Brewery,32295 State Route 20,Oak Harbor,Washington
539,Flying Bison Brewing,491 Ontario Street,Buffalo,New York
540,Flying Dog Brewery,2401 Blake St.,Denver,Colorado
541,Flying Fish Brewing Company,1940 Olney Avenue,Cherry Hill,New Jersey
543,Foothills Brewing Company,638 W. 4th Street,Winston-Salem,North Carolina
544,Fordham Brewing,"95 Cathedral Street, Suite 200",Annapolis,Maryland
545,Fort Collins Brewery,1900-B East Lincoln Avenue,Fort Collins,Colorado
548,Founder's Restaurant & Brewing,NA,Alexandria,Virginia
549,Founders Brewing,235 Grandville Avenue SW,Grand Rapids,Michigan
550,Founders Hill Brewing,NA,Downers Grove,Illinois
551,Four Peaks Brewing,1340 East Eighth Street #103,Tempe,Arizona
552,Fox River Brewing #1,1501 Arboretum Drive,Oshkosh,Wisconsin
553,Fratellos Restaurant and Brewery,4301 West Wisconsin,Appleton,Wisconsin
555,Frederick Brewing,4607 Wedgewood Boulevard,Frederick,Maryland
556,Free State Brewing,636 Massachusetts,Lawrence,Kansas
559,Front Street Brewery,208 East River Drive,Davenport,Iowa
560,Frontwaters Restaurant and Brewing,NA,Marblehead,Ohio
562,Full Sail Brewing #1,506 Columbia Street,Hood River,Oregon
565,G. Heileman Brewing,NA,La Crosse,Wisconsin
566,Gaslight Brewery,15 South Orange Avenue,South Orange,New Jersey
574,Glacial Lakes Brewing,NA,New York Mills,Minnesota
575,Glacier Brewhouse,"737 W. 5th Ave., Suite 110",Anchorage,Alaska
576,Glen Ellyn Sports Brew,NA,Glen Ellyn,Illinois
577,Glenwood Canyon Brewing Company,402 Seventh Street,Glenwood Springs,Colorado
580,Golden City Brewery,920 Twelfth Street,Golden,Colorado
581,Golden Gate Park Brewery,NA,San Francisco,California
582,Golden Pacific Brewing,NA,Berkeley,California
583,Golden Prairie Brewing,2536 North Elston Avenue,Chicago,Illinois
584,Golden Valley Brewery and Pub,980 NE Fourth Street,McMinnville,Oregon
585,Goose Island Beer Company - Clybourn,1800 North Clybourn Avenue,Chicago,Illinois
586,Goose Island Beer Company - Fulton Street,1800 West Fulton Street,Chicago,Illinois
587,Gordash Brewing Company,3804 S.W 30th Ave,Fort Lauderdale,Florida
588,Gordon Biersch Brewing,357 East Taylor Street,San Jose,California
589,Gore Range Brewery,105 Edwards Village Boulevard,Edwards,Colorado
590,Gottberg Brew Pub,2804 13th Street,Columbus,Nebraska
591,Govnor's Public House,220 North Randall Road,Lake In The Hills,Illinois
592,Grand Lake Brewing,915 Grand Avenue,Grand Lake,Colorado
593,Grand Teton Brewing #1,1295 North West Street,Wilson,Wyoming
594,Grand Teton Brewing #2,430 Old Jackson Highway,Victor,Idaho
595,Granite City Food & Brewery - Omaha,1001 North 102nd Street,Omaha,Nebraska
596,Granite City Food & Brewery - Saint Cloud,3945 Second Street South,Saint Cloud,Minnesota
599,Gray Brewing,2424 West Court Street,Janesville,Wisconsin
600,Great Basin Brewing Company,846 Victorian Ave,Sparks,Nevada
601,Great Bear Brewing,238 North Boundary Street,Wasilla,Alaska
602,Great Dane Pub and Brewing #1,123 East Doty Street,Madison,Wisconsin
603,Great Dane Pub and Brewing #2,2980 Cahill Main,Fitchburg,Wisconsin
604,Great Divide Brewing,2201 Arapahoe Street,Denver,Colorado
605,Great Lakes Brewing,2516 Market Avenue,Cleveland,Ohio
606,Great Northern Tavern and Brewery,NA,Keystone,Colorado
607,Great Waters Brewing Company,426 St.Peter Street,Saint Paul,Minnesota
608,Green Bay Brewing,313 Dousman Street,Green Bay,Wisconsin
609,Green Flash Brewing,1430 Vantage Court #104A,Vista,California
610,Green Mill Brewing - Saint Paul,57 Hamline Avenue South,Saint Paul,Minnesota
611,Green Mountain Beverage,153 Pond Lane,Middlebury,Vermont
613,Greenshields Brewery and Pub,NA,Raleigh,North Carolina
614,Grizzly Bay Brewing,NA,Suisun City,California
615,Grizzly Peak Brewing,120 West Washington Street,Ann Arbor,Michigan
617,Grumpy Troll Restaurant and Brewery,105 South Second Street,Mount Horeb,Wisconsin
622,Hair of the Dog Brewing,4509 SE 23rd Avenue,Portland,Oregon
623,Hale's Ales #3,4301 Leary Way NW,Seattle,Washington
624,Half Moon Bay Brewing,390 Capistrano Road,Princeton by the Sea,California
625,Ham's Restaurant and Brewhouse,701 Evans Street,Greenville,North Carolina
631,Hapa*s Brew Haus and Restaurant,NA,Kihei,Hawaii
632,Harbor City Brewing,535 West Grand Avenue,Port Washington,Wisconsin
633,Harmon Brewing Company,1938 Pacific Avenue,Tacoma,Washington
634,Harpoon Brewery - Boston,306 Northern Avenue,Boston,Massachusetts
635,Harpoon Brewery - Windsor,336 Ruth Carney Drive,Windsor,Vermont
636,Harvest Moon Brewery / Cafe,392 George Street,New Brunswick,New Jersey
641,Hawks Brewing,NA,Roseburg,Oregon
642,HC Berger Brewing,NA,Fort Collins,Colorado
643,Heartland Brewery Union Square,NA,New York,New York
644,Heavenly Daze Brewery and Grill,NA,Denver,Colorado
645,Heavyweight Brewing,NA,Ocean,New Jersey
651,Hereford & Hops Restaurant and Brewpub #1,624 Ludington Street,Escanaba,Michigan
652,Hereford & Hops Steakhouse and Brewpub #3,2201 Sherman Street,Wausau,Wisconsin
653,Herkimer Pub & Brewery,2922 Lyndale Avenue South,Minneapolis,Minnesota
655,High Desert Brewing Co.,1201 W. Hadley Ave.,Las Cruces,New Mexico
656,High Falls Brewing,445 St.Paul Street,Rochester,New York
657,High Point Wheat Beer Company,22 Park Place,Butler,New Jersey
658,Highland Brewing Company,12 Old Charlotte Highway,Asheville,North Carolina
665,Hoffbrau Steaks Brewery #1,NA,Addison,Texas
666,Hoffbrau Steaks Brewery #2,NA,Dallas,Texas
669,Hook & Ladder Brewing Company,8113 Fenton St.,Silver Spring,Maryland
672,Hoppers Seafood & Grill,890 East Fort Union Boulevard,Midvale,Utah
673,Hoppin Frog Brewery,1680-F East Waterloo Rd.,Akron,Ohio
674,Hoppy Brewing Company,6300 Folsom Boulevard,Sacramento,California
675,Hops Grillhouse & Brewery - Cherry Creek,149 Steele Street,Denver,Colorado
676,Hops Haven Brew Haus,1327 North 14th Street,Sheboygan,Wisconsin
677,HopTown Brewing,3015-D Hopyard Road,Pleasanton,California
678,Hopworks Urban Brewery,2944 SE Powell Blvd,Portland,Oregon
679,Hornsby's Pubdrafts Ltd.,600 Yosemite Boulevard,Modesto,California
682,Hubcap Brewery and Kitchen,NA,Vail,Colorado
683,Hudepohl-Schoenling Brewing,"10921 Reed Hartman Highway, Suite 329",Cincinnati,Ohio
686,Humboldt Brewing,856 10th Street,Arcata,California
688,Idaho Brewing,NA,Idaho Falls,Idaho
689,Illinois Brewing,102 North Center Street #111,Bloomington,Illinois
691,Independence Brew Pub,1150 Filbert Street,Philadelphia,Pennsylvania
692,Independence Brewing Co,3913 Todd Lane #607,Austin,Texas
693,Indian Wells Brewing,2565 North Highway 14,Inyokern,California
698,Iron City Brewing Co.,3340 Liberty Ave.,Pittsburgh,Pennsylvania
699,Iron Hill Brewery - Newark,147 East Main Street,Newark,Delaware
700,Iron Hill Brewery - Wilmingon,620 South Madison Street,Wilmington,Delaware
701,Iron Springs Pub & Brewery,765 Center Boulevard,Fairfax,California
702,Island Brewing Company,5049 Sixth Street,Carpinteria,California
704,Issaquah Brewhouse,35-C West Sunset Way,Issaquah,Washington
705,Ithaca Beer Company,600 Elmira Road,Ithaca,New York
706,Jack Russell Brewing,2380 Larsen Drive,Camino,California
707,Jack's Brewing,39176 Argonaut Way,Fremont,California
708,Jacob Leinenkugel Brewing Company,1 Jefferson Avenue,Chippewa Falls,Wisconsin
709,Jaipur Restaurant and Brewpub,10922 Elm Street,Omaha,Nebraska
710,James Page Brewing,1500 Jackson Street,Minneapolis,Minnesota
711,Jarre Creek Ranch Brewing,NA,Castle Rock,Colorado
712,Jasper Ridge Brewery,1075 Country Lane,Ishpeming,Michigan
716,JJ Bitting Brewing,33 Main Street,Woodbridge,New Jersey
717,Jobber's Canyon Restaurant & Brewery,NA,Omaha,Nebraska
718,JoBoy's Brew Pub,87 Doe Run Rd,Manheim,Pennsylvania
719,John Harvard's Brew House - Framingham,1 Worcester Road,Framingham,Massachusetts
720,John Harvard's Brew House - Harvard Square,33 Dunster Street,Cambridge,Massachusetts
721,John Harvard's Brewhouse - Wilmington,NA,Wilmington,Delaware
723,Jolly Pumpkin Artisan Ales,3115 Broad Street,Dexter,Michigan
724,Joshua Huddy's Brew Pub and Grill,NA,Toms River,New Jersey
725,JT Whitney's Brewpub and Eatery,674 South Whitney Way,Madison,Wisconsin
726,Jurupa Valley Brewing,NA,Riverside,California
730,Kalamazoo Brewing,355 East Kalamazoo Avenue,Kalamazoo,Michigan
731,Karl Strauss Brewery Gardens - Sorrento Mesa,9675 Scranton Road,San Diego,California
734,Keg Microbrewery & Restaurant,NA,Stevens Point,Wisconsin
736,Kelmer's Brewhouse,NA,Santa Rosa,California
737,Kentucky Hemp Beer Company,NA,Lexington,Kentucky
739,Kessler Brewing,NA,Helena,Montana
751,Kona Brewing,75-5629 Kuakini Highway,Kailua-Kona,Hawaii
754,Krogh's Restaurant and Brewpub,23 White Deer Plaza,Sparta,New Jersey
755,Kross Brewing,NA,Morrisville,Vermont
756,Kuhnhenn Brewing,5919 Chicago Road,Warren,Michigan
759,La Jolla Brew House,7536 Fay Avenue,La Jolla,California
760,La Jolla Brewing,NA,La Jolla,California
763,LaConner Brewing,117 South First Street,LaConner,Washington
764,Lafayette Brewing,622 Main Street,Lafayette,Indiana
765,Lagunitas Brewing Company,1280 North McDowell Boulevard,Petaluma,California
766,Lake Louie Brewing,7556 Pine Road,Arena,Wisconsin
767,Lake Placid Pub & Brewery,813 Mirror Lake Drive,Lake Placid,New York
768,Lake Superior Brewing,2711 West Superior Street,Duluth,Minnesota
769,Lakefront Brewery,1872 North Commerce Street,Milwaukee,Wisconsin
771,Lancaster Brewing Co.,302 N. Plum St.,Lancaster,Pennsylvania
773,Lang Creek Brewry,655 Lang Creek Road,Marion,Montana
774,Latrobe Brewing,NA,Latrobe,Pennsylvania
775,Laughing Dog Brewing,55 Emerald Industrial Park Road,Ponderay,Idaho
776,Lazy Magnolia Brewing Company,7030 Roscoe Turner Rd,Kiln,Mississippi
778,Left Coast Brewing,1245 Puerta del Sol,San Clemente,California
779,Left Hand Brewing Company,1265 Boston Avenue,Longmont,Colorado
780,Legacy Brewing Co.,545 Canal Street,Reading,Pennsylvania
781,Legends Brewhouse & Eatery of Green Bay,2840 Shawano Avenue,Green Bay,Wisconsin
782,Leinenkugel's Ballyard Brewery,NA,Phoenix,Arizona
783,Lewis & Clark Brewing Company,939 Getchell Street,Helena,Montana
784,Liberty Steakhouse and Brewery,1321 Celebrity Circle,Myrtle Beach,South Carolina
787,Lift Bridge Brewery,NA,Stillwater,Minnesota
789,Lightning Boy Brewery,NA,Belgrade,Montana
792,Lion Brewery Inc.,700 North Pennsylvania Blvd.,Wilkes Barre,Pennsylvania
794,Listermann Brewing Company,1621 Dana Ave.,Cincinnati,Ohio
795,Little Apple Brewing,1110 Westloop Center,Manhattan,Kansas
797,Live Oak Brewing,3301-B East Fifth Street,Austin,Texas
798,Loaf and Stein Brewing,NA,Eagle River,Wisconsin
800,Logjam Microbrewery,B-4864 Cty Rd F,Unity,Wisconsin
801,Long Trail Brewing Co,Route 4 & 100A,Bridgewater Corners,Vermont
802,Long Valley Pub & Brewery,1 Fairmount Road,Long Valley,New Jersey
803,Lost Coast Brewery,617 Fourth Street,Eureka,California
808,Mad Anthony Brewing,2002 Broadway,Fort Wayne,Indiana
809,Mad Crab Restaurant and Brewery,NA,Strongsville,Ohio
810,Mad River Brewing,195 Taylor Way,Blue Lake,California
811,Mad River Brewing Company,101 Taylor Way,Blue Lake,California
812,Magic Hat,5 Bartlett Bay Road,South Burlington,Vermont
813,Magnolia Pub and Brewery,1398 Haight Street,San Francisco,California
814,Main Street Alehouse,333 North Main Avenue,Gresham,Oregon
815,Main Street Beer Company #1,NA,Richmond,Virginia
816,Main Street Brewery,300 North Main Street,Corona,California
817,Main Street Brewing,NA,Dallas,Texas
818,"Main Street Station Casino, Brewery and Hotel",200 North Main Street,Las Vegas,Nevada
821,Mambo Beer,10920 North Port Washington Road,Mequon,Wisconsin
822,Mammoth Brewing,24 Lake Mary Road,Mammoth Lakes,California
823,Manayunk Brewery and Restaurant,4120 Main Street,Philadelphia,Pennsylvania
824,Manhattan Beach Brewing,124 Manhattan Beach Boulevard,Manhattan Beach,California
825,Marble Brewery,111 Marble Ave NW,Albuquerque,New Mexico
826,Margaritaville Brewing Company,NA,Jacksonville,Florida
827,Marin Brewing,1809 Larkspur Landing Circle,Larkspur Landing,California
829,Maritime Pacific Brewing,1514 NW Leary Way,Seattle,Washington
830,Marquette Harbor Brewery and Restaurant,119 South Front Street,Marquette,Michigan
831,Marshall Brewing Company,618 S. Wheeling Ave,Tulsa,Oklahoma
833,Marzoni's Brick Oven & Brewing Co,165 Patchway Road,Duncansville,Pennsylvania
834,Mash House Restaurant and Brewery,4150 Sycamore Dairy Road,Fayetteville,North Carolina
836,Maui Brewing Co.,4405 Honoapiilani Highway #217,"Lahaina, Maui",Hawaii
837,Maumee Bay Brewing,27 Broadway,Toledo,Ohio
839,McCoy's Public House and Brewkitchen,4057 Pennsylvania Avenue,Kansas City,Missouri
840,McGuire's Irish Pub and Brewery - Pensacola,600 East Gregory Street,Pensacola,Florida
841,McKenzie Brew House,451 Wilmington-West Chester Pike,Glen Mills,Pennsylvania
842,McMenamins Mill Creek,13300 Bothell-Everett Highway #304,Mill Creek,Washington
846,Mehana Brewing,275 East Kawili Street,Hilo,Hawaii
847,Mendocino Brewing - Hopland,13351 Highway 101,Hopland,California
848,Mendocino Brewing - Saratoga Springs,NA,Saratoga Springs,New York
849,Mendocino Brewing - Ukiah,1601 Airport Road,Ukiah,California
850,Mercury Brewing Company,23 Hayward St.,Ipswich,Massachusetts
851,Metropolitan Brewing,"5121 N Ravenswood Ave,",Chicago,Illinois
852,Mia and Pia's Pizzeria and Brewhouse,3545 Summers Lane (restaurant),Klamath Falls,Oregon
853,Michigan Brewing,1093 Highview Drive,Webberville,Michigan
854,Mickey Finn's Brewery,412 North Milwaukee Avenue,Libertyville,Illinois
855,Mickey's Brewing Co.,NA,Milwaukee,Wisconsin
857,Middle Ages Brewing,120 Wilkinson Street,Syracuse,New York
858,Midnight Sun Brewing Co.,8111 Dimond Hook Drive,Anchorage,Alaska
860,Milagro Brewery and Grill,NA,Bernalillo,New Mexico
861,Mill Creek Brewpub,11 North Palouse,Walla Walla,Washington
862,Mill Steakhouse,5798 South Rapp Street,Littleton,Colorado
863,Miller Brewing,3939 W. Highland Blvd,Milwaukee,Wisconsin
864,Millrose Brewing,45 South Barrington Road,South Barrington,Illinois
865,Millstream Brewing,835 48th Avenue,Amana,Iowa
866,Milly's Tavern,500 Commercial Street,Manchester,New Hampshire
867,Milwaukee Ale House,233 North Water Street,Milwaukee,Wisconsin
868,Minhas Craft Brewery,1208 14th Avenue,Monroe,Wisconsin
869,Minneapolis Town Hall Brewery,1430 Washington Avenue South,Minneapolis,Minnesota
870,Minnesota Brewing,NA,Saint Paul,Minnesota
871,Minocqua Brewing Company,238 Lake Shore Drive,Minocqua,Wisconsin
872,Mishawaka Brewing,3703 North Main Street,Mishawaka,Indiana
874,Mississippi Brewing Co.,NA,Utica,New York
875,Moab Brewery,686 South Main Street,Moab,Utah
876,Mogollon Brewing Company,4366 Huntington Dr,Flagstaff,Arizona
879,Montana Brewing,113 North Broadway,Billings,Montana
880,Monte Carlo Casino and Brewpub,NA,Las Vegas,Nevada
882,Moon River Brewing Company,21 W. Bay St.,Savannah,Georgia
883,Moonlight Brewing,PO Box 316,Fulton,California
885,Moose's Tooth Pub and Pizzeria,3300 Old Seward Highway,Anchorage,Alaska
888,Moosejaw Pizza & Dells Brewing Company,110 Wisconsin Dells Parkway South,Wisconsin Dells,Wisconsin
891,Mountain Sun Pub & Brewery,1535 Pearl Street,Boulder,Colorado
892,Moylan's Brewery & Restaurant,15 Rowland Way,Novato,California
893,moylans Brewing company,NA,Novato,California
894,Mudshark Brewing,210 Swanson Avenue,Lake Havasu City,Arizona
895,Murphy's Wagon Wheel,107 North Lincoln Avenue,Hastings,Nebraska
899,Namaqua Brewing,NA,Loveland,Colorado
901,Nebraska Brewing Company,7474 Towne Center Parkway #101,Papillion,Nebraska
904,New Albanian Brewing,3312 Plaza Drive,New Albany,Indiana
905,New Belgium Brewing,500 Linden Street,Fort Collins,Colorado
906,New Century Brewing Company,PO Box 1498,Boston,Massachusetts
907,New Glarus Brewing Company,2400 State Highway 69,New Glarus,Wisconsin
908,New Holland Brewing Company,66 East Eighth Street,Holland,Michigan
909,New River Brewing,2015 Afond Court,Atlanta,Georgia
910,New Road Brewhouse,NA,Collegeville,Pennsylvania
913,Nicolet Brewing,NA,Florence,Wisconsin
915,Ninkasi Brewing,272 Van Buren St,Eugene,Oregon
916,Nodding Head Brewpub,1516 Sansom Street,Philadelphia,Pennsylvania
917,Nor'Wester Brewery and Public House,NA,Portland,Oregon
919,North Coast Brewing Company,455 North Main Street,Fort Bragg,California
920,North Country Brewery,141 South Main Street,Slippery Rock,Pennsylvania
921,Northwest Brewwrks,NA,Kirkland,Washington
922,Northwoods Brewpub Grill,3560 Oakwood Mall Drive,Eau Claire,Wisconsin
924,O'Fallon Brewery,26 West Industrial Drive,O'Fallon,Missouri
925,O'Gara's Bar & Grill,146 Snelling Avenue North,Saint Paul,Minnesota
926,O'Grady's Brewery and Pub #1,NA,Arlington Heights,Illinois
928,O'Hara's Brewpub and Restaurant,NA,Saint Cloud,Minnesota
929,Oak Creek Brewery,2050 Yavapai Dr,Sedona,Arizona
930,Oaken Barrel Brewing,50 North Airport Parkway,Greenwood,Indiana
932,Oasis Brewery and Restaurant,NA,Boulder,Colorado
933,Oasis Brewery Annex,NA,Boulder,Colorado
934,Oconomowoc Brewing,NA,Oconomowoc,Wisconsin
935,Odell Brewing,800 East Lincoln Avenue,Fort Collins,Colorado
936,Oggi's Pizza and Brewing - Vista,425 South Melrose Drive,Vista,California
937,Ohio Brewing,NA,Niles,Ohio
939,Old City Brewing,603 West 13th Street #1A-345,Austin,Texas
940,Old Dominion Brewing Co.,1284 McD Drive,Dover,Delaware
941,Old Hat Brewery,114 North Main Street,Lawton,Michigan
942,Olde Main Brewing,316 Main Street,Ames,Iowa
943,Olde Peninsula Brewpub and Restaurant,200 East Michigan Avenue,Kalamazoo,Michigan
944,Oldenberg Brewery,NA,Fort Mitchell,Kentucky
945,On Tap Bistro & Brewery,NA,San Diego,California
946,Onion Pub & Brewery,22221 Pepper Road,Lake Barrington,Illinois
947,Onopa Brewing,NA,Milwaukee,Wisconsin
948,Orchard Street Brewery,NA,Bellingham,Washington
949,Oregon Trader Brewing,NA,Albany,Oregon
950,Oregon Trail Brewery,341 SW Second Street,Corvallis,Oregon
952,Original Basil T's,183 Riverside Avenue,Red Bank,New Jersey
954,Orlando Brewing,1301 Atlanta Avenue,Orlando,Florida
955,Orlio Organic,5 Bartlett Bay Road,South Burlington,Vermont
956,Oskar Blues Grill and Brew,303 Main Street,Lyons,Colorado
959,Otter Creek Brewing & Wolaver's Organic Ales,793 Exchange Street,Middlebury,Vermont
960,Otto's Pub and Brewery,2105 N. Atherton St.,State College,Pennsylvania
962,Oyster Bar Bistro and Brewery,NA,Fort Wayne,Indiana
963,Pabst Brewing Company,PO Box 1661,San Antonio,Texas
964,Pacific Beach Brewhouse,NA,Pacific Beach,California
965,Pacific Coast Brewing,906 Washington Street,Oakland,California
966,Pacific Rim Brewing,9832 14th Avenue SW,Seattle,Washington
968,Palmetto Brewing,289 Huger Street,Charleston,South Carolina
969,Panther Brewing Company,Utica NY 13502,Utica,New York
970,Paper City Brewing Company,108 Cabot St.,Holyoke,Massachusetts
971,Park City Brewing,375 West 910 South,Heber City,Utah
973,Pearl Street Brewery,1401 Saint Andrew Street,La Crosse,Wisconsin
974,Pelican Pub & Brewery,33180 Cape Kiwanda Drive,Pacific City,Oregon
975,Penn Brewery,800 Vinial St.,Pittsburgh,Pennsylvania
976,Pennichuck Brewing Company,"127 Elm St., Unit C",Milford,New Hampshire
977,Pennsylvania Brewing,800 Vinial Street,Pittsburgh,Pennsylvania
978,Pete's Brewing,14800 San Pedro Avenue,San Antonio,Texas
979,Pete's Place,120 SW Eighth Street,Krebs,Oklahoma
980,PH Woods Diner and Brewery,23060 Alessandro Boulevard,Moreno Valley,California
981,Philadelphia Brewing Co,2423 Amber St,Philadelphia,Pennsylvania
983,Piece,1927 West North Avenue,Chicago,Illinois
984,Pike Pub and Brewery,1415 First Avenue,Seattle,Washington
985,Pinehurst Village Brewery,NA,Aberdeen,North Carolina
986,Pinnacle Peak Patio Steakhouse & Microbrewery,10426 East Jomax Road,Scottsdale,Arizona
987,Pint's Pub Brewery and Freehouse,211 West 13th Avenue,Denver,Colorado
1000,Pizza Beer,5N404 Harvest Lane,St Charles,Illinois
1001,Pizza Port Brewing - Solana Beach,135 North Highway 101,Solana Beach,California
1002,Pizzeria Uno Chicago Grill & Brewery,61 US Highway 1 South,Metuchen,New Jersey
1003,Platte Valley Brewing,14 East Railroad,Kearney,Nebraska
1004,Pleasanton Main Street Brewery,830 Main Street,Pleasanton,California
1008,Pony Express Brewing,NA,Olathe,Kansas
1009,Port Brewing Company,155 Mata Way Suite 104,San Marcos,California
1010,Port Washington Brewing,NA,Port Washington,Wisconsin
1011,Porterhouse Restaurant and Brewpub,5775 Lower Mountain Road,Lahaska,Pennsylvania
1012,Portland Brewing,2730 NW 31st Avenue,Portland,Oregon
1013,Portsmouth Brewery,56 Market Street,Portsmouth,New Hampshire
1014,Prairie Rock Brewing - Elgin,127 South Grove Avenue,Elgin,Illinois
1015,Prescott Brewing Company,130 W Gurley St,Prescott,Arizona
1025,Pug Ryan's Steakhouse and Brewery,104 Village Place,Dillon,Colorado
1026,Pugsley Brewing LLC,NA,Portland,Maine
1027,Pumphouse Brewery & Restaurant,540 Main Street,Longmont,Colorado
1028,Pumphouse Pizza and Brewing,NA,Lake Delton,Wisconsin
1029,"Pyramid Alehouse, Brewery and Restaurant - Berkeley",901 Gilman Street,Berkeley,California
1030,"Pyramid Alehouse, Brewery and Restaurant - Seattle",1201 First Avenue South,Seattle,Washington
1031,Pyramid Ales Brewery,91 S Royal Brougham Way,Seattle,Washington
1033,Quigleys,257 Willbrook Blvd,Pawleys Island,South Carolina
1035,Raccoon Lodge and Brewpub / Cascade Brewing,7424 SW Beaverton-Hillsdale Hwy,Portland,Oregon
1036,Raccoon River Brewing,200 North Tenth Street,Des Moines,Iowa
1038,Rahr & Sons Brewing Company,701 Galveston Ave,Fortworth,Texas
1039,Rail House Restaurant and Brewpub,2029 Old Peshtigo Road,Marinette,Wisconsin
1040,Railway Brewing,NA,Anchorage,Alaska
1041,Ramapo Valley Brewery,143 Highway 59 Building 6,Hillburn,New York
1042,Randy's Fun Hunters Brewery Restaurant and Banquet Center,841 East Milwaukee Street,Whitewater,Wisconsin
1044,Real Ale Brewing Company,231 San Saba Court,Blanco,Texas
1045,ReaperAle,NA,Foothill Ranch,California
1046,Red Kettle Brewing,NA,Encinitas,California
1047,Red Lodge Ales,417 North Broadway,Red Lodge,Montana
1048,Red Oak Brewery,6901 Konica Drive,Whitsett,North Carolina
1049,Red Star Brewery & Grille,101 Ehalt St.,Greensburg,Pennsylvania
1050,RedFish New Orleans Brewhouse,2027 13th Street,Boulder,Colorado
1051,Redhook Ale Brewery,NA,Seattle,Washington
1052,Remington Watson Smith Brewing,NA,Waukesha,Wisconsin
1054,Revolution Brewing LLC,2323 N Milwaukee Ave,Chicago,Illinois
1055,Richbrau Brewing Company,1214 East Cary St,Richmond,Virginia
1057,Rio Salado Brewing,NA,Tempe,Arizona
1058,River Horse Brewing Company,80 LAMBERT LANE,Lambertville,New Jersey
1059,River West Brewing,NA,Chicago,Illinois
1060,Rivers Effortless Dining,NA,Salt Lake City,Utah
1061,Rivertowne Pour House,312 Center Rd,Monroeville,Pennsylvania
1062,Rock Art Brewery,254 Wilkins Street,Morrisville,Vermont
1063,Rock Bottom Restaurant & Brewery - Chicago,1 West Grand Avenue,Chicago,Illinois
1064,Rock Bottom Restaurant & Brewery - Denver,1001 16th Street #A-100,Denver,Colorado
1065,Rock Bottom Restaurant & Brewery - Milwaukee,740 North Plankinton Avenue,Milwaukee,Wisconsin
1066,Rock Bottom Restaurant & Brewery - Minneapolis,800 LaSalle Plaza,Minneapolis,Minnesota
1067,Rock Bottom Restaurant & Brewery - San Jose,1875 South Bascom Avenue #700,Campbell,California
1068,Rock Bottom Restaurant & Brewery - South Denver,9627 East County Line Road,Englewood,Colorado
1069,Rocky River Brewing,21290 Center Ridge Road,Rocky River,Ohio
1070,Rockyard Brewing,880 West Castleton Road,Castle Rock,Colorado
1071,Roffey Brewery,NA,Holland,Michigan
1072,Rogue Ales,2320 SE OSU Drive,Newport,Oregon
1074,Roost Brewery,200 East Campbell Avenue,Campbell,California
1075,Roots Organic Brewing,1520 SE Seventh Avenue,Portland,Oregon
1076,Ross Valley Brewing,NA,Fairfax,California
1077,Rothaus Brauerei,NA,Hartford,Wisconsin
1078,Route 66 Brewery,NA,Saint Louis,Missouri
1079,Routh Street Brewery and Grille,NA,Dallas,Texas
1080,Rowland's Calumet Brewery,25 North Madison St,Chilton,Wisconsin
1081,Roy Pitz Brewing Company,140 North Third Street,Chambersburg,Pennsylvania
1082,Rubicon Brewing,2004 Capitol Avenue,Sacramento,California
1084,Rush River Brewing,990 Antler Court,River Falls,Wisconsin
1086,Russian River Brewing,725 Fourth Street,Santa Rosa,California
1090,Sacramento Brewing Company,2713 El Paseo Lane,Sacramento,California
1091,Saint Arnold Brewing,2522 Fairway Park Drive,Houston,Texas
1092,Saint Louis Brewery / Schlafy Tap Room,2100 Locust Street,Saint Louis,Missouri
1093,Saint Somewhere Brewing Company,1441 Savannah Ave Unit E,Tarpon Springs,Florida
1095,Salado Creek Brewing Company,NA,San Antonio,Texas
1097,Salt Lake Brewing - Squatters,147 West Broadway,Salt Lake City,Utah
1098,"Sam Choy's Breakfast, Lunch, Crab & Big Aloha Brewery",580 North Nimitz Highway,Honolulu,Hawaii
1100,San Diego Brewing,10450-L Friars Road,San Diego,California
1101,San Marcos Brewery & Grill,1080 West San Marcos Boulevard,San Marcos,California
1103,Sand Creek Brewing Company,320 Pierce St,Black River Falls,Wisconsin
1104,SandLot Brewery at Coors Field,2145 Blake Street,Denver,Colorado
1105,Sanford's Grub and Pub,5 East Alger Street,Sheridan,Wyoming
1106,Santa Barbara Brewing,501 State Street,Santa Barbara,California
1107,Santa Cruz Brewing,NA,Santa Cruz,California
1108,Santa Fe Brewing Company,35 Fire Place,Santa Fe,New Mexico
1109,Santa Rosa Brewing,NA,Santa Rosa,California
1112,Saxer Brewing,NA,Lake Oswego,Oregon
1118,Schooner Brewery,NA,Dallas,Texas
1119,Schooner's Grille & Brewery,4250 Lone Tree Way,Antioch,California
1124,Scuttlebutt Brewing,1524 West Marine View Drive,Everett,Washington
1125,Sea Dog Brewing Company,26 Front Street,Bangor,Maine
1126,Seabright Brewery,519 Seabright Avenue #107,Santa Cruz,California
1127,Second Street Brewery,1814 Second Street,Santa Fe,New Mexico
1128,Selin's Grove Brewing Co.,121 North Market St.,Selinsgrove,Pennsylvania
1129,Sequoia Brewing Conoabt,777 East Olive Avenue,Fresno,California
1131,Sharktooth Brewing,NA,Kahului,Hawaii
1133,Sherlock's Home,NA,Minnetonka,Minnesota
1134,Ship Inn Brewpub,61 Bridge Street,Milford,New Jersey
1135,Shipwrecked Brew Pub,7791 Egg Harbor Road,Egg Harbor,Wisconsin
1136,Shipyard Brewing - Portland,86 Newbury Street,Portland,Maine
1137,Shmaltz Brewing Company,NA,San Francisco,California
1138,Shmaltz Enterprises,3435 Cesar Chavez #227,San Francisco,California
1139,Short's Brewing Company,121 N. Bridge Street,Bellaire,Michigan
1142,Sierra Nevada Brewing Co.,1075 East 20th Street,Chico,California
1143,Siletz Roadhouse & Brewery,243 North Gaither Street,Siletz,Oregon
1144,Silver Gulch Brewing Company,2195 Old Steese Highway,Fox,Alaska
1145,Silverado Brewing,3020 St. Helena Highway North,Saint Helena,California
1147,Sioux Falls Brewing,NA,Sioux Falls,South Dakota
1148,Six Rivers Brewery,1300 Central Avenue,McKinleyville,California
1149,Sixpoint Craft Ales,40 Van Dyke St,Brooklyn,New York
1150,Ska Brewing Company,545 Turner Drive,Durango,Colorado
1151,Skagit River Brewing,404 South Third Street,Mount Vernon,Washington
1153,Slab City Brewing,NA,Bonduel,Wisconsin
1155,Sleeping Lady Brewing Company,717 W. 3rd Ave,Anchorage,Alaska
1157,Sly Fox Brewhouse and Eatery - Phoenixville,519 Kimberton Road,Phoenixville,Pennsylvania
1158,Sly Fox Brewhouse and Eatery - Royersford,312 North Lewis Road,Royersford,Pennsylvania
1159,Smoky Mountain Brewing,424 South Gay Street,Knoxville,Tennessee
1160,Smuttynose Brewing Co.,225 Heritage Ave,Portsmouth,New Hampshire
1161,Snake River Brewing,265 S. Millward,Jackson,Wyoming
1162,Snipes Mountain Microbrewery & Restaurant,905 Yakima Valley Highway,Sunnyside,Washington
1163,Snowshoe Brewing - Sonora,NA,Sonora,California
1164,Sockeye,3019 N Cole Rd,Boise,Idaho
1165,Socorro Springs Brewing,1012 North California Street,Socorro,New Mexico
1166,Sonoran Brewing Company,10426 East Jomax Road,Scottsdale,Arizona
1168,South County Brewing Co.,104 Mill St.,Fawn Grove,Pennsylvania
1169,South Shore Brewery,808 West Main Street,Ashland,Wisconsin
1170,Southampton Publick House,40 Bowden Square,Southampton,New York
1171,Southend Brewery and Smokehouse - Charleston,161 East Bay Street,Charleston,South Carolina
1172,Southern Star Brewing Company,1207 N. FM 3083 E.,Conroe,Texas
1173,Southern Tier Brewing Co,2051A Stoneman Circle,Lakewood,New York
1175,Spanish Peaks Brewing,Polson MT 59860,Polson,Montana
1177,Speakeasy Ales and Lagers,1195-A Evans Avenue,San Francisco,California
1178,Spilker Ales,300 West Fourth Street,Cortland,Nebraska
1179,Spoetzl Brewery,603 East Brewery Street,Shiner,Texas
1180,Sports City Cafe & Brewery,NA,La Jolla,California
1181,Sprecher Brewing,701 West Glendale Avenue,Glendale,Wisconsin
1182,Spring House Brewing Company,2519 Main St.,Conestoga,Pennsylvania
1183,Springfield Brewing,305 South Market Street,Springfield,Missouri
1184,St John Brewers,NA,St. John,Virgin Islands
1190,St. Stan's Brewing Co.,821 L Street,Modesto,California
1193,Standing Stone Brewing Company,101 Oak Street,Ashland,Oregon
1196,Steamworks Brewing - Durango,801 East Second Avenue,Durango,Colorado
1197,Steel Brewing,NA,Longview,Texas
1199,Steve and Clark's Brew Pub and Sausage Co. #2,NA,Durham,North Carolina
1200,Stevens Point Brewery,2617 Water Street,Stevens Point,Wisconsin
1201,Stewart's Brewing,219 Governor's Square,Bear,Delaware
1203,Stillwater Artisanal Ales,NA,Baltimore,Maryland
1204,Stone Brewing Co.,1999 Citracado Parkway,Escondido,California
1205,Stone Cellar Brewpub & Restaurant,1004 South Olde Oneida,Appleton,Wisconsin
1206,Stone City Brewing,NA,Solon,Iowa
1207,Stone Coast Brewing - Portland,23 Rice Street,Portland,Maine
1208,Stonecutters Brewhouse,14 N Main St.,Barre,Vermont
1209,Stoney Creek Brewing Company,237 Joseph Campau,Detroit,Michigan
1211,Stoudt's Brewery,2800 North Reading Road,Adamstown,Pennsylvania
1212,Stout Brothers Public House,NA,Milwaukee,Wisconsin
1214,Straub Brewery,303 Sorg Street,St. Mary's,Pennsylvania
1215,Stroh Brewery Company,NA,Tampa,Florida
1216,Sturgeon Bay Brewing,NA,Sturgeon Bay,Wisconsin
1218,Sudwerk Privatbrauerei Hbsch,2001 Second Street,Davis,California
1219,Sullivan's Black Forest Brew Haus & Grill,281 Heinlein Strasse,Frankenmuth,Michigan
1220,Summit Brewing,910 Montreal Circle,Saint Paul,Minnesota
1221,Surly Brewing,4811 Dusharme Drive,Brooklyn Center,Minnesota
1223,Sweet Water Tavern and Brewery,45980 Waterview Plaza,Sterling,Virginia
1224,Sweetwater Brewing - Atlanta,195 Ottley Drive,Atlanta,Georgia
1225,Sweetwater Brewing - Casper,NA,Casper,Wyoming
1226,Sweetwater Tavern - Centreville,14250 Sweetwater Lane,Centreville,Virginia
1227,Switchback Brewing Co,PO Box 4210,Burlington,Vermont
1229,"T-Bonz Gill, Grill and Brewery",1028 Johnny Dodds Boulevard,Mount Pleasant,South Carolina
1230,Tabernash Brewing,NA,Longmont,Colorado
1231,Tablerock,705 Fulton St,Boise,Idaho
1232,Tailgate Beer,6648 Reservoir Ln,San Diego,California
1234,Tampa Bay Brewing,1812 North 15th Street,Tampa,Florida
1235,Tap Room Brewing Company,NA,La Crosse,Wisconsin
1236,Taylor Brewing,717 East Butterfield Road,Lombard,Illinois
1238,Taylor's Restaurant and Brewery,NA,San Diego,California
1240,Tenaya Creek Restaurant and Brewery,3101 North Tenaya Way,Las Vegas,Nevada
1242,Terminal Gravity Brewing,803 SE School Street,Enterprise,Oregon
1243,Terrapin Beer Company,196 Alps Road,Athens,Georgia
1244,The Alchemist,23 South Main Street,Waterbury,Vermont
1245,The Blind Bat Brewery LLC,420 Harrison Drive,Centerport,New York
1246,The Bruery,715 Dunn Way,Placentia,California
1247,The Cambridge House,357 Salmon Brook Street,Granby,Connecticut
1248,The Church Brew Works,3525 Liberty Avenue,Pittsburgh,Pennsylvania
1249,The Hop Yard,Bollinger Canyon Rd.,San Ramon,California
1250,The Livery,190 5th Street,Benton Harbor,Michigan
1251,The Lost Abbey,155 Mata Way Suite 104,San Marcos,California
1252,The Narragansett Brewing Company,60 Ship Street,Providence,Rhode Island
1253,The Round Barn Winery & Brewery,10983 Hills Road,Baroda,Michigan
1254,Third Street Ale Works,610 Third Street,Santa Rosa,California
1255,Thirsty Dog Brewing,529 Grant St. Suite B,Akron,Ohio
1256,ThirstyBear Brewing,661 Howard Street,San Francisco,California
1257,Thomas Creek Brewery,2054 Piedmont Highway,Greenville,South Carolina
1258,Thomas Hooker Brewing,16 Tobey Road,Bloomfield,Connecticut
1259,Thomas Kemper Brewing,91 South Royal Brougham,Seattle,Washington
1260,Three Floyds Brewing,9750 Indiana Parkway,Munster,Indiana
1261,Three Needs Brewery and Taproom,207 College Street,Burlington,Vermont
1262,Thunder Canyon Brewery,7401 North La Cholla Boulevard,Tucson,Arizona
1263,Thunderhead Brewery,18 East 21st Street,Kearney,Nebraska
1264,Thunderhead Brewery #2,120 East Third Street,Grand Island,Nebraska
1265,Tied House Cafe & Brewery - San Jose,65 North San Pedro,San Jose,California
1268,Titletown Brewing,200 Dousman Street,Green Bay,Wisconsin
1269,Tivoli Brewing,NA,Denver,Colorado
1271,Tommyknocker Brewery and Pub,1401 Miner Street,Idaho Springs,Colorado
1276,Top of the Hill Restaurant and Brewery,101 East Franklin Street,Chapel Hill,North Carolina
1277,Trade Winds Brewing,NA,Wailuku,Hawaii
1278,Traffic Jam and Snug,4268 Second Street,Detroit,Michigan
1279,Trailhead Brewing Company,921 South Riverside Drive,Saint Charles,Missouri
1280,Trap Rock Restaurant and Brewery,279 Springfield Avenue,Berkeley Heights,New Jersey
1282,Trinity Brewing Company,1446 Garden of the Gods,Colorado Springs,Colorado
1283,Triple Rock Brewery,1920 Shattuck Avenue,Berkeley,California
1284,Triumph Brewing of New Hope,400 Union Square,New Hope,Pennsylvania
1285,Triumph Brewing of Princeton,138 Nassau Street,Princeton,New Jersey
1286,Troegs Brewing,800 Paxton Street,Harrisburg,Pennsylvania
1288,Trout River Brewing,58 Broad Street,Lyndonville,Vermont
1292,Tunner's Guild Brewing Systems,NA,Saint Paul,Minnesota
1293,Tuppers Hop Pocket Ale,6404 Redwing Road,Bethesda,Maryland
1294,Tustin Brewing,13011 Newport Avenue #100,Tustin,California
1295,Twin Ports Brewing,NA,Superior,Wisconsin
1296,Twin Rivers Brewing,104 North Lewis Street,Monroe,Washington
1297,Twisted Pine Brewing Company,3201 Walnut Street Ste A,Boulder,Colorado
1298,Two Brothers Brewing,30 Butterfield Road,Warrenville,Illinois
1299,Two Dogs Beverage Company,272 Plandome Road,Manhasset,New York
1300,TwoRows Restaurant & Brewery - Dallas,5500 Greenville Avenue #1300,Dallas,Texas
1301,Tyranena Brewing,1025 Owen Street,Lake Mills,Wisconsin
1304,Uinta Brewing Compnay,1722 South Fremont Drive (2375 West),Salt Lake City,Utah
1305,Ukiah Brewing,102 South State Street,Ukiah,California
1306,Umpqua Brewing,NA,Roseburg,Oregon
1309,Union Barrel Works,6 N. Reamstown Road,Reamstown,Pennsylvania
1310,Union Colony Brewery,NA,Greeley,Colorado
1313,Upland Brewing,350 West Eleventh Street,Bloomington,Indiana
1314,Upper Mississippi Brewing,NA,Clinton,Iowa
1315,Upstream Brewing Company at Legacy,17070 Wright Plaza,Omaha,Nebraska
1316,Upstream Brewing Old Market,514 South Eleventh Street,Omaha,Nebraska
1318,Utah Brewers Cooperative,1763 South 300 West,Salt Lake City,Utah
1320,Valley Brewing Company,1950 W. Fremont St.,Stockton,California
1321,Valley Forge Brewing,NA,Wayne,Pennsylvania
1324,Vermont Pub & Brewery,144 College St.,Burlington,Vermont
1326,Victory Brewing,420 Acorn Lane,Downingtown,Pennsylvania
1327,Viking Brewing,234 Dallas Street West,Dallas,Wisconsin
1328,Vintage 50 Restaurant and Brew Lounge,50 Catoctin Ct. NE #100,Leesburg,Virginia
1330,"Voodoo Brewing Co.,LLC",215 1/5 Arch St.,Meadville,Pennsylvania
1332,Wachusetts Brewing Company,175 State Road East,Westminster,Massachusetts
1333,Wagner Valley Brewing,9322 State Route 414,Lodi,New York
1334,Wainwright Brewing,3410 Sassafras Street,Pittsburgh,Pennsylvania
1335,Walking Man Brewery,240 SW First Street,Stevenson,Washington
1336,Walldorff Brew Pub,105 East State Street,Hastings,Michigan
1338,Watch City Brewing,256 Moody Street,Waltham,Massachusetts
1339,Water Street Brewery,1101 North Water Street,Milwaukee,Wisconsin
1340,Water Street Lake Country,3191 Golf Road,Delafield,Wisconsin
1341,Water Tower Brewing,NA,Eden Prairie,Minnesota
1343,Watson Brothers Brewhouse,NA,Blue Ash,Ohio
1345,Weeping Radish Restaurant and Brewery - Manteo,525 N Virginia Dare Road,Manteo,North Carolina
1346,Weinkeller Brewery - Berwyn,NA,Berwyn,Illinois
1351,Western Reserve Brewing,NA,Cleveland,Ohio
1352,Weyerbacher Brewing Company,905 Line Street,Easton,Pennsylvania
1354,Wharf Rat,206 W. Pratt St.,Baltimore,Maryland
1357,White Marsh Brewing Company,8149 Honeygo Blvd,White Marsh,Maryland
1358,White Oak Cider,18452 NE Ribbon Ridge Road,Newberg,Oregon
1359,White Winter Winery,7665 US Highway 2,Iron River,Wisconsin
1361,Widmer Brothers Brewing,929 North Russell Street,Portland,Oregon
1362,Wild Duck Brewing,NA,Eugene,Oregon
1363,"Wild Goose Brewery, LLC",4607 Wedgewood Blvd.,Fredrick,Maryland
1364,Wild Onion Brewing,NA,Lake Barrington,Illinois
1365,Wild River Brewing and Pizza - Cave Junction,249 North Redwood Highway,Cave Junction,Oregon
1366,William Kuether Brewing,NA,Clear Lake,Wisconsin
1368,Willoughby Brewing,4057 Erie Street,Willoughby,Ohio
1369,Wilmington Brewing,NA,Wilmington,North Carolina
1370,Wisconsin Brewing,NA,Wauwatosa,Wisconsin
1371,Wolf Pack Brewing,111 South Canyon Street,West Yellowstone,Montana
1372,Wolf Tongue Brewery,35 E. First St.,Nederland,Colorado
1379,Wynkoop Brewing,1634 18th Street,Denver,Colorado
1380,Yakima Brewing and Malting / Grant's Ales,NA,Yakima,Washington
1382,Yamhill Brewing,NA,Portland,Oregon
1383,Yards Brewing,2439 Amber Street,Philadelphia,Pennsylvania
1384,Marshall Wharf Brewing Company,2 Pinchy Lane,Belfast,Maine
1386,Zea Rotisserie and Brewery,1525 St. Charles Avenue,New Orleans,Louisiana
1387,Yegua Creek Brewing - Dallas,2920 North Henderson Ave,Dallas,Texas
1388,Yuengling & Son Brewing,310 Mill Creek Avenue,Pottsville,Pennsylvania
1390,Yellowstone Valley Brewing,2123 1st Avenue North,Billings,Montana
1391,Yazoo Brewing,910 Division St,Nashville,Tennessee
1393,Baxter Brewing,NA,Lewiston,Maine
1394,Aviator Brewing Company,209 Technology Park Lane,Fuquay Varina,North Carolina
1396,Aspen Brewing Company,555 North Mill Street,Aspen,Colorado
1397,Tallgrass Brewing Co.,8845 Quail Lane,Manhattan,Kansas
1398,Half Acre Beer Company,4257 North Lincoln Avenue,Chicago,Illinois
1399,New Jersey Beer Company,4201 Tonnelle Avenue,North Bergen,New Jersey
1400,FINNEGANS,619 10th St. South,Minneapolis,Minnesota
1402,Warwick Valley Wine Co.,114 Little York Rd,Warwick,New York
1404,The St. Louis Brewrey,2100 Locust Street,St. Louis,Montana
1407,Catawba Valley Brewing Company,P.O. Box 1154,Glen Alpine,North Carolina
1408,Walnut Brewery,1123 Walnut Street,Boulder,Colorado
1409,Columbus Brewing Company,525 Short St.,Columbus,Ohio
1410,Oso,1812 Post Road,Plover,Wisconsin
1411,Element Brewing Company,30 Bridge St,Millers Falls,Massachusetts
1413,Wedge Brewery,125B Roberts St,Asheville,North Carolina
1416,Brewery Vivant,925 Cherry Street SE,Grand Rapids,Michigan
1417,Oakshire,NA,Eugene,Oregon
1418,Oakshire,NA,Eugene,Oregon
